{
  "hash": "9a9d7ef2",
  "configHash": "f16bcb7f",
  "lockfileHash": "d5eedce4",
  "browserHash": "765f2ae9",
  "optimized": {
    "@angular/common": {
      "src": "../../../../../node_modules/@angular/common/fesm2022/common.mjs",
      "file": "@angular_common.js",
      "fileHash": "734f7a14",
      "needsInterop": false
    },
    "@angular/common/http": {
      "src": "../../../../../node_modules/@angular/common/fesm2022/http.mjs",
      "file": "@angular_common_http.js",
      "fileHash": "1568602f",
      "needsInterop": false
    },
    "@angular/core": {
      "src": "../../../../../node_modules/@angular/core/fesm2022/core.mjs",
      "file": "@angular_core.js",
      "fileHash": "4ae4a502",
      "needsInterop": false
    },
    "@angular/fire/auth": {
      "src": "../../../../../node_modules/@angular/fire/fesm2022/angular-fire-auth.mjs",
      "file": "@angular_fire_auth.js",
      "fileHash": "5b09bdf3",
      "needsInterop": false
    },
    "@angular/forms": {
      "src": "../../../../../node_modules/@angular/forms/fesm2022/forms.mjs",
      "file": "@angular_forms.js",
      "fileHash": "42a90950",
      "needsInterop": false
    },
    "@angular/material/tabs": {
      "src": "../../../../../node_modules/@angular/material/fesm2022/tabs.mjs",
      "file": "@angular_material_tabs.js",
      "fileHash": "94abb28c",
      "needsInterop": false
    },
    "@angular/platform-browser": {
      "src": "../../../../../node_modules/@angular/platform-browser/fesm2022/platform-browser.mjs",
      "file": "@angular_platform-browser.js",
      "fileHash": "96e30f89",
      "needsInterop": false
    },
    "@angular/platform-browser/animations": {
      "src": "../../../../../node_modules/@angular/platform-browser/fesm2022/animations.mjs",
      "file": "@angular_platform-browser_animations.js",
      "fileHash": "8cbedeaf",
      "needsInterop": false
    },
    "@angular/router": {
      "src": "../../../../../node_modules/@angular/router/fesm2022/router.mjs",
      "file": "@angular_router.js",
      "fileHash": "cd2b61e5",
      "needsInterop": false
    },
    "primeng/button": {
      "src": "../../../../../node_modules/primeng/fesm2022/primeng-button.mjs",
      "file": "primeng_button.js",
      "fileHash": "9a5ae6fb",
      "needsInterop": false
    },
    "primeng/dialog": {
      "src": "../../../../../node_modules/primeng/fesm2022/primeng-dialog.mjs",
      "file": "primeng_dialog.js",
      "fileHash": "245d6989",
      "needsInterop": false
    },
    "primeng/tabmenu": {
      "src": "../../../../../node_modules/primeng/fesm2022/primeng-tabmenu.mjs",
      "file": "primeng_tabmenu.js",
      "fileHash": "ffb2fabf",
      "needsInterop": false
    },
    "rxjs": {
      "src": "../../../../../node_modules/rxjs/dist/esm5/index.js",
      "file": "rxjs.js",
      "fileHash": "ca976e8b",
      "needsInterop": false
    }
  },
  "chunks": {
    "chunk-OHO6AP3Q": {
      "file": "chunk-OHO6AP3Q.js"
    },
    "chunk-DMPC7557": {
      "file": "chunk-DMPC7557.js"
    },
    "chunk-XUXENYHI": {
      "file": "chunk-XUXENYHI.js"
    },
    "chunk-V2CQPTX5": {
      "file": "chunk-V2CQPTX5.js"
    },
    "chunk-CQ2F7NCU": {
      "file": "chunk-CQ2F7NCU.js"
    },
    "chunk-M3A3ZGYR": {
      "file": "chunk-M3A3ZGYR.js"
    },
    "chunk-EY5DCSOL": {
      "file": "chunk-EY5DCSOL.js"
    },
    "chunk-WDLYRPUI": {
      "file": "chunk-WDLYRPUI.js"
    },
    "chunk-MD2JTI2T": {
      "file": "chunk-MD2JTI2T.js"
    }
  }
}